{
    "accuracy": 0.65,
    "precision": 0.7142857142857143,
    "recall": 0.5,
    "f1": 0.5882352941176471
}
